Päivämäärä;Arvioitu tuotanto (kW);Tuotanto (kW);Korreloitu tuotanto (kW)
5/21/2024 0:00;0;0;0
5/21/2024 0:15;0;0;0
5/21/2024 0:30;0;0;0
5/21/2024 0:45;0;0;0
5/21/2024 1:00;0;0;0
5/21/2024 1:15;0;0;0
5/21/2024 1:30;0;0;0
5/21/2024 1:45;0;0;0
5/21/2024 2:00;0;0;0
5/21/2024 2:15;0;0;0
5/21/2024 2:30;0;0;0
5/21/2024 2:45;0;0;0
5/21/2024 3:00;0;0;0
5/21/2024 3:15;0;0;0
5/21/2024 3:30;0;0;0
5/21/2024 3:45;0;0;0
5/21/2024 4:00;-6.41E-05;0;-5.63E-05
5/21/2024 4:15;0.0042048;0;0.003692671
5/21/2024 4:30;0.069341159;0.384;0.060895663
5/21/2024 4:45;0.361101447;2.688;0.317120631
5/21/2024 5:00;0.894607827;5.76;0.785647912
5/21/2024 5:15;1.860732307;8.576;1.634102015
5/21/2024 5:30;3.229243038;11.392;2.835933215
5/21/2024 5:45;4.40099386;14.08;3.864969134
5/21/2024 6:00;5.7597208;16.128;5.058208173
5/21/2024 6:15;7.818821088;17.664;6.866517684
5/21/2024 6:30;9.142803487;20.608;8.029243939
5/21/2024 6:45;14.35905273;28.928;12.61017338
5/21/2024 7:00;37.14106703;46.976;32.61742284
5/21/2024 7:15;75.84389513;73.6;66.60639006
5/21/2024 7:30;109.3976534;106.112;96.07342505
5/21/2024 7:45;148.5047021;143.488;130.4173803
5/21/2024 8:00;188.493157;179.84;165.5353897
5/21/2024 8:15;229.1451893;218.752;201.2361553
5/21/2024 8:30;271.9475373;256;238.8253361
5/21/2024 8:45;312.8221812;291.84;274.7216
5/21/2024 9:00;352.6323603;325.248;309.683047
5/21/2024 9:15;391.8207835;355.84;344.0984656
5/21/2024 9:30;429.58855;384;377.2662583
5/21/2024 9:45;463.801836;414.208;407.3124929
5/21/2024 10:00;497.9302123;440.704;437.2841596
5/21/2024 10:15;530.3445758;465.664;465.7505738
5/21/2024 10:30;560.5437115;487.296;492.2715669
5/21/2024 10:45;583.2521777;507.52;512.2142261
5/21/2024 11:00;609.120392;526.72;534.9317879
5/21/2024 11:15;629.3032202;542.976;552.6564225
5/21/2024 11:30;647.9232736;555.008;569.0086225
5/21/2024 11:45;666.1830008;564.864;585.0443826
5/21/2024 12:00;677.8723138;573.184;595.3099807
5/21/2024 12:15;689.1957779;577.536;605.2542888
5/21/2024 12:30;695.1118195;584.832;610.4497785
5/21/2024 12:45;698.7613349;588.8;613.6547965
5/21/2024 13:00;703.9501153;585.216;618.2116026
5/21/2024 13:15;701.804681;587.008;616.3274743
5/21/2024 13:30;702.4041053;584.064;616.853891
5/21/2024 13:45;688.3986147;575.616;604.5542172
5/21/2024 14:00;686.1613488;568.448;602.589442
5/21/2024 14:15;669.8849038;564.224;588.2954076
5/21/2024 14:30;656.7099981;553.344;576.7251565
5/21/2024 14:45;644.0541443;539.264;565.6107388
5/21/2024 15:00;619.1765994;528.64;543.7631865
5/21/2024 15:15;602.8318926;510.72;529.4092043
5/21/2024 15:30;579.6299482;490.112;509.0331708
5/21/2024 15:45;538.8310866;468.608;473.2034591
5/21/2024 16:00;516.9939582;450.304;454.0260119
5/21/2024 16:15;482.9101518;426.624;424.0934868
5/21/2024 16:30;449.6115;398.976;394.8504872
5/21/2024 16:45;419.7536521;373.888;368.6292145
5/21/2024 17:00;372.2331554;345.728;326.896538
5/21/2024 17:15;341.2110008;316.8;299.6527666
5/21/2024 17:30;300.5039664;278.144;263.903698
5/21/2024 17:45;255.9998197;249.472;224.8199913
5/21/2024 18:00;216.6408272;214.272;190.2547781
5/21/2024 18:15;176.1472276;178.688;154.6931487
5/21/2024 18:30;135.9480704;142.336;119.3900998
5/21/2024 18:45;97.42983041;106.88;85.5632385
5/21/2024 19:00;65.87082745;74.624;57.84800502
5/21/2024 19:15;27.77013434;49.024;24.38783499
5/21/2024 19:30;12.37347656;30.08;10.86643302
5/21/2024 19:45;10.08994976;21.888;8.861031312
5/21/2024 20:00;8.522228075;19.84;7.48425231
5/21/2024 20:15;7.605325955;17.792;6.679025467
5/21/2024 20:30;6.29091676;15.744;5.524706436
5/21/2024 20:45;4.807029131;14.464;4.221550816
5/21/2024 21:00;3.744033836;12.032;3.288024404
5/21/2024 21:15;2.645933094;9.344;2.323668259
5/21/2024 21:30;1.568124747;6.144;1.37713297
5/21/2024 21:45;0.933068866;3.2;0.819424539
5/21/2024 22:00;0.357728205;1.152;0.314158237
5/21/2024 22:15;0.071705395;0;0.062971944
5/21/2024 22:30;0.007092236;0;0.006228428
5/21/2024 22:45;0;0;0
5/21/2024 23:00;0;0;0
5/21/2024 23:15;0;0;0
5/21/2024 23:30;0;0;0
5/21/2024 23:45;0;0;0
5/22/2024 0:00;0;0;0
5/22/2024 0:15;0;0;0
5/22/2024 0:30;0;0;0
5/22/2024 0:45;0;0;0
5/22/2024 1:00;0;0;0
5/22/2024 1:15;0;0;0
5/22/2024 1:30;0;0;0
5/22/2024 1:45;0;0;0
5/22/2024 2:00;0;0;0
5/22/2024 2:15;0;0;0
5/22/2024 2:30;0;0;0
5/22/2024 2:45;0;0;0
5/22/2024 3:00;0;0;0
5/22/2024 3:15;0;0;0
5/22/2024 3:30;0;0;0
5/22/2024 3:45;0;0;0
5/22/2024 4:00;0.000153281;0;0.000134612
5/22/2024 4:15;0.010457964;0;0.009184223
5/22/2024 4:30;0.104060948;0.768;0.091386711
5/22/2024 4:45;0.397925821;3.2;0.349459933
5/22/2024 5:00;0.966218998;5.888;0.848537109
5/22/2024 5:15;1.822127739;8.832;1.60019934
5/22/2024 5:30;2.897085709;11.648;2.544231417
5/22/2024 5:45;4.40299554;13.952;3.866727017
5/22/2024 6:00;6.010450283;16.256;5.278399736
5/22/2024 6:15;7.415540083;18.56;6.51235481
5/22/2024 6:30;8.968089836;21.248;7.875809762
5/22/2024 6:45;15.55639606;29.952;13.66168473
5/22/2024 7:00;37.80457369;47.488;33.20011685
5/22/2024 7:15;75.8928122;72.064;66.64934921
5/22/2024 7:30;108.7939561;102.784;95.54325579
5/22/2024 7:45;146.3024502;137.984;128.4833545
5/22/2024 8:00;184.5154135;172.032;162.0421206
5/22/2024 8:15;224.7683407;208.64;197.3923906
5/22/2024 8:30;264.480906;243.84;232.2681128
5/22/2024 8:45;303.9774847;277.76;266.9541547
5/22/2024 9:00;342.8715699;309.76;301.1110846
5/22/2024 9:15;379.2360672;340.352;333.0465211
5/22/2024 9:30;416.9637753;368.512;366.1791342
5/22/2024 9:45;449.1709678;396.928;394.4636102
5/22/2024 10:00;484.0210961;421.504;425.0691222
5/22/2024 10:15;511.8204531;446.592;449.4826206
5/22/2024 10:30;541.0563524;467.968;475.1576958
5/22/2024 10:45;571.368829;486.016;501.7782252
5/22/2024 11:00;593.8728374;504.448;521.5413288
5/22/2024 11:15;611.7909139;517.888;537.2770501
5/22/2024 11:30;632.3001267;530.688;555.2883169
5/22/2024 11:45;646.6209435;543.232;567.8649113
5/22/2024 12:00;659.7137755;552.576;579.3630849
5/22/2024 12:15;672.1684139;558.336;590.3007946
5/22/2024 12:30;679.9361979;561.92;597.1224913
5/22/2024 12:45;682.121054;568.448;599.04124
5/22/2024 13:00;685.9250829;567.808;602.3819523
5/22/2024 13:15;686.171628;562.944;602.5984692
5/22/2024 13:30;682.2779779;559.872;599.1790512
5/22/2024 13:45;675.4181371;551.552;593.1547136
5/22/2024 14:00;671.8125583;552.448;589.9882809
5/22/2024 14:15;654.5107153;539.264;574.7937382
5/22/2024 14:30;643.4945082;531.584;565.1192643
5/22/2024 14:45;628.7528185;520.704;552.1730577
5/22/2024 15:00;606.6163145;505.728;532.7326977
5/22/2024 15:15;588.7557512;492.8;517.0474848
5/22/2024 15:30;561.9489543;476.928;493.5056563
5/22/2024 15:45;533.565177;456.576;468.5789178
5/22/2024 16:00;505.4414498;438.272;443.8805562
5/22/2024 16:15;474.0152289;414.848;416.2819325
5/22/2024 16:30;442.0238859;388.992;388.1870164
5/22/2024 16:45;407.152744;364.672;357.5630502
5/22/2024 17:00;370.0073829;336.128;324.9418563
5/22/2024 17:15;330.9291951;305.408;290.6232468
5/22/2024 17:30;292.4837257;273.664;256.860293
5/22/2024 17:45;252.6217662;240.768;221.8533722
5/22/2024 18:00;212.8382112;206.848;186.9153066
5/22/2024 18:15;172.4132588;169.472;151.4139635
5/22/2024 18:30;134.0408015;137.344;117.7151291
5/22/2024 18:45;98.31104402;106.24;86.33712356
5/22/2024 19:00;67.6723963;75.264;59.43014947
5/22/2024 19:15;33.01120931;50.176;28.99056647
5/22/2024 19:30;17.23815396;32.256;15.13861076
5/22/2024 19:45;14.45791506;23.296;12.69699464
5/22/2024 20:00;12.41258667;20.864;10.90077966
5/22/2024 20:15;10.33475203;18.688;9.076017574
5/22/2024 20:30;8.277267345;16.64;7.269126888
5/22/2024 20:45;6.447937924;14.72;5.662603004
5/22/2024 21:00;4.811808551;12.544;4.225748119
5/22/2024 21:15;3.22965059;9.6;2.836291129
5/22/2024 21:30;2.108470395;6.528;1.851666523
5/22/2024 21:45;1.209234069;3.584;1.061953845
5/22/2024 22:00;0.405138765;1.152;0.355794367
5/22/2024 22:15;0.102929141;0.128;0.090392754
5/22/2024 22:30;0.01164552;0;0.010227139
5/22/2024 22:45;0;0;0
5/22/2024 23:00;0;0;0
5/22/2024 23:15;0;0;0
5/22/2024 23:30;0;0;0
5/22/2024 23:45;0;0;0
5/23/2024 0:00;0;0;0
5/23/2024 0:15;0;0;0
5/23/2024 0:30;0;0;0
5/23/2024 0:45;0;0;0
5/23/2024 1:00;0;0;0
5/23/2024 1:15;0;0;0
5/23/2024 1:30;0;0;0
5/23/2024 1:45;0;0;0
5/23/2024 2:00;0;0;0
5/23/2024 2:15;0;0;0
5/23/2024 2:30;0;0;0
5/23/2024 2:45;0;0;0
5/23/2024 3:00;0;0;0
5/23/2024 3:15;0;0;0
5/23/2024 3:30;0;0;0
5/23/2024 3:45;0;0;0
5/23/2024 4:00;-4.17E-05;0;-3.66E-05
5/23/2024 4:15;0.015728795;0;0.013813086
5/23/2024 4:30;0.100055041;1.024;0.087868708
5/23/2024 4:45;0.390077714;3.328;0.342567695
5/23/2024 5:00;0.953634873;6.4;0.837485683
5/23/2024 5:15;1.844552375;9.088;1.619892738
5/23/2024 5:30;3.052294199;11.648;2.680536089
5/23/2024 5:45;4.345773397;13.824;3.816474319
5/23/2024 6:00;5.910758818;15.744;5.190850321
5/23/2024 6:15;6.836607104;17.92;6.00393372
5/23/2024 6:30;8.629647456;20.096;7.578588408
5/23/2024 6:45;14.81641521;28.928;13.0118308
5/23/2024 7:00;37.50286252;46.72;32.93515299
5/23/2024 7:15;75.67590018;72.064;66.45885627
5/23/2024 7:30;108.9973178;103.296;95.72184887
5/23/2024 7:45;146.5942807;138.496;128.7396411
5/23/2024 8:00;184.3897035;173.824;161.9317216
5/23/2024 8:15;224.4293997;211.072;197.0947314
5/23/2024 8:30;266.0783727;246.528;233.671014
5/23/2024 8:45;306.4216559;279.68;269.1006349
5/23/2024 9:00;345.7749597;311.936;303.6608524
5/23/2024 9:15;382.9329594;343.424;336.2931455
5/23/2024 9:30;419.066415;373.504;368.0256802
5/23/2024 9:45;453.0640457;402.816;397.8825256
5/23/2024 10:00;487.5760502;429.184;428.191096
5/23/2024 10:15;518.0614143;449.408;454.9634558
5/23/2024 10:30;545.9559944;471.68;479.4605796
5/23/2024 10:45;570.8257424;492.8;501.3012846
5/23/2024 11:00;597.5372729;510.848;524.7594497
5/23/2024 11:15;618.5036709;525.824;543.1722182
5/23/2024 11:30;632.4026494;539.392;555.3783527
5/23/2024 11:45;652.1583056;550.656;572.7278432
5/23/2024 12:00;660.7735606;559.232;580.2937921
5/23/2024 12:15;674.3934517;568.704;592.254831
5/23/2024 12:30;682.0097442;575.36;598.9434874
5/23/2024 12:45;688.8744367;577.792;604.9720858
5/23/2024 13:00;691.4078713;578.688;607.1969575
5/23/2024 13:15;689.0685549;577.408;605.1425612
5/23/2024 13:30;688.6210384;575.488;604.7495505
5/23/2024 13:45;680.9430651;570.88;598.0067258
5/23/2024 14:00;674.2301732;563.84;592.1114393
5/23/2024 14:15;663.2608232;557.568;582.4781154
5/23/2024 14:30;645.8577209;547.456;567.1946464
5/23/2024 14:45;629.2820652;536.192;552.637844
5/23/2024 15:00;613.0506207;521.728;538.3833293
5/23/2024 15:15;592.6469666;505.6;520.4647646
5/23/2024 15:30;566.2669854;489.088;497.2977673
5/23/2024 15:45;540.5289542;467.968;474.6945327
5/23/2024 16:00;511.187379;446.592;448.9266526
5/23/2024 16:15;481.687856;422.656;423.020062
5/23/2024 16:30;445.7703527;396.16;391.4771774
5/23/2024 16:45;411.6707085;370.048;361.5307434
5/23/2024 17:00;376.3962447;341.376;330.5525784
5/23/2024 17:15;337.3736192;310.144;296.2827639
5/23/2024 17:30;297.5780608;277.248;261.3341569
5/23/2024 17:45;257.7276759;244.352;226.337401
5/23/2024 18:00;215.8678337;211.072;189.5759324
5/23/2024 18:15;176.0493308;176.256;154.6071753
5/23/2024 18:30;137.1002697;141.184;120.4019654
5/23/2024 18:45;99.7238854;106.624;87.5778861
5/23/2024 19:00;67.65307287;75.776;59.41317957
5/23/2024 19:15;30.46847741;50.56;26.75752989
5/23/2024 19:30;14.66544116;32.256;12.87924483
5/23/2024 19:45;12.10876243;23.04;10.63396009
5/23/2024 20:00;10.24235159;20.736;8.994871166
5/23/2024 20:15;9.1011157;18.944;7.99263357
5/23/2024 20:30;7.657187074;17.024;6.724570094
5/23/2024 20:45;5.973605345;15.232;5.246042374
5/23/2024 21:00;4.748932056;13.056;4.170529748
5/23/2024 21:15;3.283716914;10.24;2.883772375
5/23/2024 21:30;2.024865217;6.912;1.778244145
5/23/2024 21:45;1.146107809;3.84;1.006516129
5/23/2024 22:00;0.525103511;1.536;0.461147852
5/23/2024 22:15;0.149719743;0;0.131484434
5/23/2024 22:30;0.02310574;0;0.020291546
5/23/2024 22:45;0;0;0
5/23/2024 23:00;0;0;0
5/23/2024 23:15;0;0;0
5/23/2024 23:30;0;0;0
5/23/2024 23:45;0;0;0
5/24/2024 0:00;0;0;0
5/24/2024 0:15;0;0;0
5/24/2024 0:30;0;0;0
5/24/2024 0:45;0;0;0
5/24/2024 1:00;0;0;0
5/24/2024 1:15;0;0;0
5/24/2024 1:30;0;0;0
5/24/2024 1:45;0;0;0
5/24/2024 2:00;0;0;0
5/24/2024 2:15;0;0;0
5/24/2024 2:30;0;0;0
5/24/2024 2:45;0;0;0
5/24/2024 3:00;0;0;0
5/24/2024 3:15;0;0;0
5/24/2024 3:30;0;0;0
5/24/2024 3:45;0;0;0
5/24/2024 4:00;0;0;0
5/24/2024 4:15;0.014324413;0;0.012579753
5/24/2024 4:30;0.131011218;1.408;0.115054537
5/24/2024 4:45;0.469097146;3.84;0.411962854
5/24/2024 5:00;1.200963895;6.912;1.054690948
5/24/2024 5:15;2.226726449;9.6;1.955519428
5/24/2024 5:30;3.538991104;12.928;3.107955116
5/24/2024 5:45;5.288067136;15.36;4.644000175
5/24/2024 6:00;7.000771767;17.92;6.148103736
5/24/2024 6:15;9.210860582;20.48;8.089011932
5/24/2024 6:30;11.5733567;23.424;10.16376479
5/24/2024 6:45;19.10311704;33.024;16.77642825
5/24/2024 7:00;43.88217545;50.816;38.53748927
5/24/2024 7:15;78.77339335;75.264;69.17908626
5/24/2024 7:30;110.116954;103.936;96.70511748
5/24/2024 7:45;145.2801647;135.424;127.5855795
5/24/2024 8:00;181.2602813;167.552;159.1834515
5/24/2024 8:15;219.9462355;202.624;193.1575999
5/24/2024 8:30;257.3261634;238.208;225.9847913
5/24/2024 8:45;295.6596503;272.384;259.6494017
5/24/2024 9:00;335.4889147;302.848;294.6276095
5/24/2024 9:15;371.1189481;341.76;325.9180369
5/24/2024 9:30;406.7432418;323.456;357.2034238
5/24/2024 9:45;447.4455405;205.568;392.9483336
5/24/2024 10:00;487.9473272;341.376;428.5171529
5/24/2024 10:15;553.2905526;247.168;485.9018158
5/24/2024 10:30;552.8652072;372.864;485.5282759
5/24/2024 10:45;447.5174355;273.92;393.0114719
5/24/2024 11:00;423.6139514;435.84;372.0193436
5/24/2024 11:15;406.507274;500.352;356.996196
5/24/2024 11:30;642.1750718;509.952;563.9605303
5/24/2024 11:45;654.2074576;503.296;574.5274162
5/24/2024 12:00;421.3714608;545.792;370.04998
5/24/2024 12:15;490.3280858;561.024;430.6079439
5/24/2024 12:30;666.6956587;509.824;585.4946007
5/24/2024 12:45;559.456979;472.832;491.3171943
5/24/2024 13:00;477.5038128;462.08;419.3456198
5/24/2024 13:15;679.6521956;558.464;596.8730795
5/24/2024 13:30;513.9533412;406.016;451.3557308
5/24/2024 13:45;568.4006685;485.76;499.1715756
5/24/2024 14:00;302.1106416;464.128;265.3146862
5/24/2024 14:15;219.1426327;403.072;192.451873
5/24/2024 14:30;443.1804872;258.688;389.2027479
5/24/2024 14:45;668.6052083;262.144;587.1715742
5/24/2024 15:00;167.8575816;201.728;147.4131509
5/24/2024 15:15;118.8544666;177.792;104.3784334
5/24/2024 15:30;182.7573184;176.768;160.498155
5/24/2024 15:45;371.484735;170.496;326.2392723
5/24/2024 16:00;558.6183647;175.488;490.5807202
5/24/2024 16:15;147.3646989;213.504;129.4162252
5/24/2024 16:30;199.7000483;248.96;175.3773232
5/24/2024 16:45;206.3027749;219.648;181.1758622
5/24/2024 17:00;256.3851218;191.36;225.1583651
5/24/2024 17:15;206.6589053;183.936;181.4886173
5/24/2024 17:30;162.4460641;137.984;142.6607361
5/24/2024 17:45;110.7687808;108.544;97.27755421
5/24/2024 18:00;99.76849393;88.32;87.61706148
5/24/2024 18:15;138.5084843;77.056;121.6386647
5/24/2024 18:30;246.5427835;65.664;216.514787
5/24/2024 18:45;129.5003104;84.48;113.727653
5/24/2024 19:00;137.4645533;64.768;120.7218806
5/24/2024 19:15;133.5505473;50.048;117.284586
5/24/2024 19:30;87.80294316;57.472;77.1088704
5/24/2024 19:45;82.16328336;49.792;72.15610025
5/24/2024 20:00;41.65013944;28.416;36.57730696
5/24/2024 20:15;35.62955714;28.544;31.29000925
5/24/2024 20:30;32.29276526;24.448;28.35962625
5/24/2024 20:45;23.47961009;18.816;20.61988069
5/24/2024 21:00;13.96046974;19.968;12.26013632
5/24/2024 21:15;7.697876402;17.536;6.760303613
5/24/2024 21:30;4.815633027;11.392;4.229106789
5/24/2024 21:45;2.420116909;4.992;2.125355648
5/24/2024 22:00;0.773827155;2.304;0.679577878
5/24/2024 22:15;0.352053144;0.384;0.309174377
5/24/2024 22:30;0.069145766;0;0.060724068
5/24/2024 22:45;0;0;0
5/24/2024 23:00;0;0;0
5/24/2024 23:15;0;0;0
5/24/2024 23:30;0;0;0
5/24/2024 23:45;0;0;0
5/25/2024 0:00;0;0;0
5/25/2024 0:15;0;0;0
5/25/2024 0:30;0;0;0
5/25/2024 0:45;0;0;0
5/25/2024 1:00;0;0;0
5/25/2024 1:15;0;0;0
5/25/2024 1:30;0;0;0
5/25/2024 1:45;0;0;0
5/25/2024 2:00;0;0;0
5/25/2024 2:15;0;0;0
5/25/2024 2:30;0;0;0
5/25/2024 2:45;0;0;0
5/25/2024 3:00;0;0;0
5/25/2024 3:15;0;0;0
5/25/2024 3:30;0;0;0
5/25/2024 3:45;0;0;0
5/25/2024 4:00;0.014443599;0;0.012684422
5/25/2024 4:15;0.05304627;0;0.046585431
5/25/2024 4:30;0.266867552;1.408;0.234364074
5/25/2024 4:45;0.656408715;4.608;0.576460569
5/25/2024 5:00;1.619107037;8.832;1.421905806
5/25/2024 5:15;3.623945755;10.752;3.182562605
5/25/2024 5:30;6.688823241;12.8;5.874149384
5/25/2024 5:45;11.7674565;15.616;10.33422395
5/25/2024 6:00;35.64842583;20.736;31.30657981
5/25/2024 6:15;22.5128351;23.296;19.7708553
5/25/2024 6:30;32.73043379;24.832;28.74398838
5/25/2024 6:45;46.35827003;36.096;40.71200472
5/25/2024 7:00;67.26831638;55.552;59.07528499
5/25/2024 7:15;84.8562388;74.368;74.5210637
5/25/2024 7:30;116.2424763;90.368;102.0845739
5/25/2024 7:45;150.6235393;129.152;132.278151
5/25/2024 8:00;180.492167;159.616;158.5088906
5/25/2024 8:15;212.6108712;189.824;186.7156558
5/25/2024 8:30;245.7207959;222.08;215.7929145
5/25/2024 8:45;282.4523551;252.544;248.0507061
5/25/2024 9:00;319.3045751;282.624;280.4144623
5/25/2024 9:15;354.7299573;310.656;311.5251644
5/25/2024 9:30;387.7831392;341.12;340.5525914
5/25/2024 9:45;417.6915057;362.624;366.8182298
5/25/2024 10:00;401.5737426;403.968;352.6635505
5/25/2024 10:15;401.8445029;438.528;352.9013331
5/25/2024 10:30;535.398037;447.488;470.1885422
5/25/2024 10:45;406.6863262;384.128;357.1534403
5/25/2024 11:00;534.3197421;479.104;469.2415796
5/25/2024 11:15;538.963623;416.768;473.3198531
5/25/2024 11:30;418.3489641;371.712;367.3956122
5/25/2024 11:45;465.1866982;448;408.5286841
5/25/2024 12:00;403.3765269;510.592;354.2467623
5/25/2024 12:15;448.0911873;522.496;393.5153429
5/25/2024 12:30;419.4673421;516.096;368.3777759
5/25/2024 12:45;620.5753678;535.04;544.9915901
5/25/2024 13:00;629.0940431;520.96;552.4727224
5/25/2024 13:15;643.6251807;336.64;565.2340214
5/25/2024 13:30;145.600443;426.24;127.8668492
5/25/2024 13:45;648.3286646;356.48;569.3646383
5/25/2024 14:00;638.6246992;417.024;560.84258
5/25/2024 14:15;658.6802745;76.544;578.4554605
5/25/2024 14:30;345.6732078;125.056;303.5714934
5/25/2024 14:45;96.12248504;483.584;84.41512294
5/25/2024 15:00;580.8914645;464;510.141039
5/25/2024 15:15;585.200888;372.736;513.9255907
5/25/2024 15:30;129.3929118;489.472;113.6333351
5/25/2024 15:45;90.72628211;470.4;79.67615751
5/25/2024 16:00;177.8236398;429.568;156.1653801
5/25/2024 16:15;95.23863115;139.776;83.63891918
5/25/2024 16:30;197.2486748;41.344;173.2245179
5/25/2024 16:45;58.26834896;37.504;51.17148021
5/25/2024 17:00;33.53108983;79.104;29.44712748
5/25/2024 17:15;42.95729429;105.984;37.72525521
5/25/2024 17:30;1.273687084;54.4;1.118556722
5/25/2024 17:45;1.392324512;40.064;1.222744552
5/25/2024 18:00;2.504713666;49.024;2.199648833
5/25/2024 18:15;6.661561447;70.144;5.850207975
5/25/2024 18:30;29.00181655;94.336;25.46950288
5/25/2024 18:45;66.42530836;96;58.33495222
5/25/2024 19:00;71.41446909;128.512;62.71645168
5/25/2024 19:15;66.28541957;86.144;58.21210136
5/25/2024 19:30;31.39712856;64.896;27.57307477
5/25/2024 19:45;55.58641315;48.896;48.81619423
5/25/2024 20:00;45.38447502;41.728;39.85681432
5/25/2024 20:15;30.28734276;31.104;26.59845677
5/25/2024 20:30;42.65697352;24.064;37.46151239
5/25/2024 20:45;11.48559338;17.28;10.08669071
5/25/2024 21:00;10.3653825;17.92;9.102917368
5/25/2024 21:15;18.2897175;17.28;16.06209776
5/25/2024 21:30;16.51410441;11.904;14.50274775
5/25/2024 21:45;3.144826832;4.992;2.76179859
5/25/2024 22:00;0.52347091;0.64;0.459714095
5/25/2024 22:15;0.1377567;0;0.120978445
5/25/2024 22:30;0.003941748;0;0.003461658
5/25/2024 22:45;0.000344005;0;0.000302106
5/25/2024 23:00;0;0;0
5/25/2024 23:15;0;0;0
5/25/2024 23:30;0;0;0
5/25/2024 23:45;0;0;0
5/26/2024 0:00;0;0;0
5/26/2024 0:15;0;0;0
5/26/2024 0:30;0;0;0
5/26/2024 0:45;0;0;0
5/26/2024 1:00;0;0;0
5/26/2024 1:15;0;0;0
5/26/2024 1:30;0;0;0
5/26/2024 1:45;0;0;0
5/26/2024 2:00;0;0;0
5/26/2024 2:15;0;0;0
5/26/2024 2:30;0;0;0
5/26/2024 2:45;0;0;0
5/26/2024 3:00;0;0;0
5/26/2024 3:15;0;0;0
5/26/2024 3:30;0;0;0
5/26/2024 3:45;0;0;0
5/26/2024 4:00;0;0;0
5/26/2024 4:15;0.022469502;0;0.0197328
5/26/2024 4:30;0.190265801;1.664;0.167092133
5/26/2024 4:45;1.268254043;9.344;1.113785405
5/26/2024 5:00;5.599582481;20.224;4.917574108
5/26/2024 5:15;10.88033812;24.96;9.555153298
5/26/2024 5:30;21.41020719;24.064;18.80252338
5/26/2024 5:45;35.20884516;23.424;30.92053844
5/26/2024 6:00;47.65882517;26.624;41.85415707
5/26/2024 6:15;45.75250208;38.4;40.18001705
5/26/2024 6:30;50.53906973;48.512;44.38359852
5/26/2024 6:45;64.44923144;57.856;56.59955413
5/26/2024 7:00;70.33253606;78.592;61.76629408
5/26/2024 7:15;63.27204146;73.472;55.56574153
5/26/2024 7:30;75.43469891;61.312;66.24703242
5/26/2024 7:45;96.83985053;113.664;85.04511598
5/26/2024 8:00;259.7721091;97.152;228.1328299
5/26/2024 8:15;252.2000913;126.464;221.4830557
5/26/2024 8:30;261.1204495;238.976;229.3169474
5/26/2024 8:45;282.5381872;256.384;248.1260842
5/26/2024 9:00;344.5993004;268.8;302.628384
5/26/2024 9:15;350.3214185;261.632;307.6535693
5/26/2024 9:30;251.654755;350.464;221.0041394
5/26/2024 9:45;283.0137186;358.784;248.5436976
5/26/2024 10:00;347.8085733;374.784;305.4467794
5/26/2024 10:15;519.6425991;308.992;456.3520582
5/26/2024 10:30;506.5888254;398.336;444.8881858
5/26/2024 10:45;521.4911866;397.824;457.9754946
5/26/2024 11:00;543.1823102;456.064;477.0247198
5/26/2024 11:15;554.4151684;471.04;486.8894576
5/26/2024 11:30;569.499993;482.56;500.1370065
5/26/2024 11:45;587.510398;494.976;515.953811
5/26/2024 12:00;593.9676312;506.112;521.6245771
5/26/2024 12:15;608.8881051;522.624;534.7277927
5/26/2024 12:30;623.2065727;538.496;547.302324
5/26/2024 12:45;628.2435695;520.96;551.7258333
5/26/2024 13:00;636.9114159;564.864;559.3379682
5/26/2024 13:15;619.1981954;331.648;543.7821522
5/26/2024 13:30;654.3785973;393.472;574.6777116
5/26/2024 13:45;654.2030931;151.808;574.5235832
5/26/2024 14:00;630.111312;330.88;553.3660917
5/26/2024 14:15;619.6880737;436.096;544.2123652
5/26/2024 14:30;620.3821907;553.344;544.8219413
5/26/2024 14:45;445.3783868;152.96;391.1329515
5/26/2024 15:00;612.186054;38.144;537.6240636
5/26/2024 15:15;146.5549358;18.432;128.7050883
5/26/2024 15:30;477.045143;33.024;418.9428142
5/26/2024 15:45;574.2790426;42.112;504.3339856
5/26/2024 16:00;62.31346002;66.176;54.72391175
5/26/2024 16:15;2.22183554;83.712;1.951224213
5/26/2024 16:30;0.336486467;82.432;0.295503663
5/26/2024 16:45;0.336486467;52.864;0.295503663
5/26/2024 17:00;0.261213454;38.016;0.229398624
5/26/2024 17:15;0.482490803;48;0.423725213
5/26/2024 17:30;0.976648712;54.656;0.857696522
5/26/2024 17:45;2.575709134;59.904;2.261997317
5/26/2024 18:00;8.357554361;56.96;7.339635243
5/26/2024 18:15;25.43472959;74.624;22.33687388
5/26/2024 18:30;69.9929635;37.888;61.4680802
5/26/2024 18:45;90.90613307;23.296;79.83410329
5/26/2024 19:00;131.3215764;25.984;115.3270955
5/26/2024 19:15;68.06500321;29.568;59.77493831
5/26/2024 19:30;32.96799292;29.696;28.95261369
5/26/2024 19:45;28.45957788;32.128;24.99330687
5/26/2024 20:00;26.23327337;32.768;23.03815799
5/26/2024 20:15;19.90136823;27.52;17.4774554
5/26/2024 20:30;15.40688298;21.504;13.53038179
5/26/2024 20:45;10.89747591;15.616;9.570203774
5/26/2024 21:00;7.523064355;14.976;6.606783024
5/26/2024 21:15;5.644241019;11.904;4.956793401
5/26/2024 21:30;3.146325048;8.448;2.763114329
5/26/2024 21:45;2.020424932;5.376;1.774344671
5/26/2024 22:00;0.961725934;2.432;0.844591283
5/26/2024 22:15;0.46199358;0.384;0.405724476
5/26/2024 22:30;0.029987668;0;0.026335281
5/26/2024 22:45;0.004950789;0;0.004347801
5/26/2024 23:00;0;0;0
5/26/2024 23:15;0;0;0
5/26/2024 23:30;0;0;0
5/26/2024 23:45;0;0;0
5/27/2024 0:00;0;0;0
5/27/2024 0:15;0;0;0
5/27/2024 0:30;0;0;0
5/27/2024 0:45;0;0;0
5/27/2024 1:00;0;0;0
5/27/2024 1:15;0;0;0
5/27/2024 1:30;0;0;0
5/27/2024 1:45;0;0;0
5/27/2024 2:00;0;0;0
5/27/2024 2:15;0;0;0
5/27/2024 2:30;0;0;0
5/27/2024 2:45;0;0;0
5/27/2024 3:00;0;0;0
5/27/2024 3:15;0;0;0
5/27/2024 3:30;0;0;0
5/27/2024 3:45;0.000294292;0;0.000258448
5/27/2024 4:00;0.018200221;0;0.015983501
5/27/2024 4:15;0.034710238;0.256;0.030482659
5/27/2024 4:30;0.189999611;1.92;0.166858363
5/27/2024 4:45;0.680475889;4.608;0.59759645
5/27/2024 5:00;1.637110878;8.192;1.437716846
5/27/2024 5:15;3.936669323;11.52;3.457197603
5/27/2024 5:30;8.207497119;14.592;7.207854417
5/27/2024 5:45;11.6646797;17.664;10.24396498
5/27/2024 6:00;13.43550446;20.736;11.79910986
5/27/2024 6:15;15.73228084;23.68;13.81614739
5/27/2024 6:30;17.65075409;26.112;15.50095772
5/27/2024 6:45;27.23767883;35.968;23.92023059
5/27/2024 7:00;51.44678696;52.992;45.18075916
5/27/2024 7:15;82.30640793;76.416;72.28179278
5/27/2024 7:30;111.6016764;105.472;98.00900621
5/27/2024 7:45;144.3391824;138.24;126.7592054
5/27/2024 8:00;179.8769771;170.752;157.9686286
5/27/2024 8:15;216.5616791;205.056;190.18527
5/27/2024 8:30;254.9992283;237.44;223.9412682
5/27/2024 8:45;291.8484027;268.288;256.3023499
5/27/2024 9:00;328.441413;301.44;288.4384673
5/27/2024 9:15;365.071064;330.24;320.6067627
5/27/2024 9:30;396.0881822;356.352;347.8461109
5/27/2024 9:45;432.4302352;381.568;379.7618367
5/27/2024 10:00;461.341321;404.224;405.1516595
5/27/2024 10:15;487.687556;426.752;428.2890208
5/27/2024 10:30;517.7389914;179.072;454.6803029
5/27/2024 10:45;543.0262159;0;476.8876373
5/27/2024 11:00;559.3512789;0;491.2243681
5/27/2024 11:15;590.976468;0;518.9977265
5/27/2024 11:30;593.7034598;0;521.3925809
5/27/2024 11:45;610.1687583;0;535.8524671
5/27/2024 12:00;636.3235035;0;558.8216613
5/27/2024 12:15;631.2354383;211.2;554.3533035
5/27/2024 12:30;645.0241808;535.168;566.4626284
5/27/2024 12:45;653.6359343;330.368;574.0255022
5/27/2024 13:00;677.7692126;402.56;595.2194368
5/27/2024 13:15;674.1556868;396.416;592.0460251
5/27/2024 13:30;675.9892711;457.344;593.6562856
5/27/2024 13:45;686.0492317;408.448;602.4909803
5/27/2024 14:00;162.0073534;205.952;142.2754588
5/27/2024 14:15;77.19370286;344.192;67.79179621
5/27/2024 14:30;99.11273798;496.896;87.04117417
5/27/2024 14:45;78.70639258;426.24;69.12024594
5/27/2024 15:00;111.7127556;139.648;98.10655637
5/27/2024 15:15;128.8942741;408.064;113.1954296
5/27/2024 15:30;191.1541002;472.576;167.87224
5/27/2024 15:45;387.9560782;460.416;340.704467
5/27/2024 16:00;166.0039811;441.856;145.785312
5/27/2024 16:15;239.9800275;433.664;210.7513504
5/27/2024 16:30;533.463823;408.064;468.4899083
5/27/2024 16:45;410.8241266;378.24;360.787272
5/27/2024 17:00;383.6686958;353.664;336.939272
5/27/2024 17:15;339.4322304;321.152;298.0906439
5/27/2024 17:30;293.9748851;289.152;258.1698347
5/27/2024 17:45;259.5176998;251.776;227.9094067
5/27/2024 18:00;216.230656;219.008;189.8945643
5/27/2024 18:15;183.5389825;183.552;161.1846153
5/27/2024 18:30;152.9098878;154.24;134.2860307
5/27/2024 18:45;114.5948784;117.504;100.6376473
5/27/2024 19:00;89.93611668;86.912;78.9822313
5/27/2024 19:15;68.85704286;62.592;60.47051047
5/27/2024 19:30;41.4355264;40.064;36.388833
5/27/2024 19:45;28.03416645;29.824;24.61970897
5/27/2024 20:00;20.32629066;29.44;17.85062386
5/27/2024 20:15;19.53950115;24.832;17.15966239
5/27/2024 20:30;13.58688511;19.712;11.9320529
5/27/2024 20:45;9.285398939;17.152;8.154471794
5/27/2024 21:00;7.297301466;14.848;6.408517218
5/27/2024 21:15;4.849063904;12.032;4.258465909
5/27/2024 21:30;3.260063845;8.832;2.863000163
5/27/2024 21:45;1.923895646;5.504;1.689572293
5/27/2024 22:00;0.879500948;2.56;0.772380995
5/27/2024 22:15;0.351369707;0.512;0.30857418
5/27/2024 22:30;0.068850596;0;0.060464849
5/27/2024 22:45;0.000160047;0;0.000140554
5/27/2024 23:00;0;0;0
5/27/2024 23:15;0;0;0
5/27/2024 23:30;0;0;0
5/27/2024 23:45;0;0;0
5/28/2024 0:00;0;0;0
5/28/2024 0:15;0;0;0
5/28/2024 0:30;0;0;0
5/28/2024 0:45;0;0;0
5/28/2024 1:00;0;0;0
5/28/2024 1:15;0;0;0
5/28/2024 1:30;0;0;0
5/28/2024 1:45;0;0;0
5/28/2024 2:00;0;0;0
5/28/2024 2:15;0;0;0
5/28/2024 2:30;0;0;0
5/28/2024 2:45;0;0;0
5/28/2024 3:00;0;0;0
5/28/2024 3:15;0;0;0
5/28/2024 3:30;0;0;0
5/28/2024 3:45;0;0;0
5/28/2024 4:00;0.000275053;0;0.000241553
5/28/2024 4:15;0.031920002;0.384;0.028032264
5/28/2024 4:30;0.392403811;2.304;0.344610482
5/28/2024 4:45;0.90130552;5.248;0.791529851
5/28/2024 5:00;1.75152659;8.192;1.538197148
5/28/2024 5:15;3.73510024;11.392;3.280178886
5/28/2024 5:30;5.771426431;14.592;5.068488102
5/28/2024 5:45;7.791824554;17.28;6.842809228
5/28/2024 6:00;10.07449331;20.224;8.847457398
5/28/2024 6:15;12.4870981;22.912;10.96621588
5/28/2024 6:30;14.48031731;26.624;12.71666838
5/28/2024 6:45;25.09407551;35.968;22.0377102
5/28/2024 7:00;51.14003813;52.608;44.91137119
5/28/2024 7:15;81.78391222;76.672;71.8229351
5/28/2024 7:30;111.3222735;105.472;97.76363355
5/28/2024 7:45;146.2517088;136.576;128.4387932
5/28/2024 8:00;180.9103179;167.424;158.8761123
5/28/2024 8:15;174.5417851;201.216;153.2832431
5/28/2024 8:30;147.5667924;237.056;129.5937045
5/28/2024 8:45;296.2755205;280.448;260.1902611
5/28/2024 9:00;329.5579081;311.168;289.4189774
5/28/2024 9:15;373.4761467;330.88;327.9881375
5/28/2024 9:30;219.1530557;375.808;192.4610265
5/28/2024 9:45;428.8938605;406.4;376.6561794
5/28/2024 10:00;463.6724523;409.728;407.1988676
5/28/2024 10:15;491.1320078;418.56;431.3139512
5/28/2024 10:30;518.0525104;439.808;454.9556364
5/28/2024 10:45;546.570981;458.368;480.0006631
5/28/2024 11:00;561.9855006;475.392;493.5377514
5/28/2024 11:15;588.3949143;497.536;516.7305965
5/28/2024 11:30;607.526629;512.256;533.5321393
5/28/2024 11:45;623.5124864;533.632;547.5709786
5/28/2024 12:00;633.8934896;495.232;556.6876141
5/28/2024 12:15;675.4828911;424.32;593.2115808
5/28/2024 12:30;403.5486152;424.32;354.3978909
5/28/2024 12:45;670.7552993;392.064;589.0597921
5/28/2024 13:00;711.0132727;321.408;624.4144937
5/28/2024 13:15;676.7634603;328.704;594.3361814
5/28/2024 13:30;670.4379582;505.344;588.781102
5/28/2024 13:45;142.2256408;510.208;124.9030854
5/28/2024 14:00;662.3523118;506.624;581.6802573
5/28/2024 14:15;643.8284834;326.272;565.4125625
5/28/2024 14:30;638.5183445;264.448;560.7491789
5/28/2024 14:45;630.0341134;540.544;553.2982956
5/28/2024 15:00;611.8919996;526.592;537.365824
5/28/2024 15:15;145.5814959;499.712;127.8502098
5/28/2024 15:30;584.4586864;481.408;513.2737865
5/28/2024 15:45;546.8250189;465.536;480.2237602
5/28/2024 16:00;515.4229194;449.92;452.6463198
5/28/2024 16:15;76.51877326;212.096;67.19907053
5/28/2024 16:30;188.9945472;408.064;165.9757125
5/28/2024 16:45;427.2167547;240.64;375.1833388
5/28/2024 17:00;376.6853472;358.912;330.8064693
5/28/2024 17:15;335.3040664;310.4;294.465275
5/28/2024 17:30;304.8927969;248.704;267.7579853
5/28/2024 17:45;282.4833263;244.224;248.0779051
5/28/2024 18:00;169.0375893;178.816;148.449438
5/28/2024 18:15;197.016461;184.448;173.020587
5/28/2024 18:30;170.6411873;145.92;149.8577237
5/28/2024 18:45;132.2676092;113.664;116.1579051
5/28/2024 19:00;105.1225169;83.328;92.31898432
5/28/2024 19:15;84.6420275;58.368;74.33294254
5/28/2024 19:30;59.48179178;39.552;52.2371302
5/28/2024 19:45;26.8803981;29.312;23.60646533
5/28/2024 20:00;20.19545809;25.856;17.73572622
5/28/2024 20:15;16.66856677;23.04;14.63839718
5/28/2024 20:30;13.42603277;20.608;11.79079179
5/28/2024 20:45;10.344104;18.304;9.084230507
5/28/2024 21:00;7.823648231;15.744;6.870756899
5/28/2024 21:15;5.4156078;12.672;4.75600686
5/28/2024 21:30;3.614836963;9.344;3.174563231
5/28/2024 21:45;2.027787525;6.144;1.780810527
5/28/2024 22:00;0.980102821;3.2;0.860729933
5/28/2024 22:15;0.318281751;0.896;0.279516215
5/28/2024 22:30;0.069244169;0;0.060810486
5/28/2024 22:45;0.007557045;0;0.006636625
5/28/2024 23:00;0;0;0
5/28/2024 23:15;0;0;0
5/28/2024 23:30;0;0;0
5/28/2024 23:45;0;0;0
5/29/2024 0:00;0;0;0
;;;